Molecule,Total Energy (eV),Nuclear Energy (eV),Electron Energy (eV)
C2H4,-1815.644932,1096.605357,-2912.250289
C2H6,-2374.876887,1392.231926,-3767.108813
C4H10,-6822.294465,3907.811999,-10730.106465
C6H6,-8943.630470,5283.403724,-14227.034194
CH4,-905.008478,491.317277,-1396.325755
H2,-35.135006,19.458667,-54.593673
