Molecule,Total Energy (eV),Nuclear Energy (eV),Electron Energy (eV)
C2H4,-247.201835,1096.605357,-1343.807191
C2H6,-284.441695,1392.231926,-1676.673621
C4H10,740.723656,3907.811999,-3167.088343
C6H6,-717.833424,5283.403724,-6001.237148
CH4,-181.202869,491.317277,-672.520146
H2,-40.575107,19.458667,-60.033774
