Molecule,CNDO2_Total,CNDOS_Total,MINDO_Total
H2,-40.575107,-35.135006,-18.6893
CH4,-181.202869,-905.008478,144.38
C2H4,-247.201835,-1815.644932,599.002
C2H6,-284.441695,-2374.876887,746.806
C4H10,740.723656,-6822.294465,2356.14
C6H6,-717.833424,-8943.630470,3267.23
